	model	mAP @ IoU=.5.95
0	mask_rcnn_maize_0002.h5	0.39166666666666666
1	mask_rcnn_maize_0020.h5	0.1833333333333333
2	mask_rcnn_maize_0137.h5	0.3466666666666667
3	mask_rcnn_maize_0001.h5	0.013333333333333334
4	mask_rcnn_maize_0035.h5	0.3758333333333333
5	mask_rcnn_maize_0023.h5	0.3858333333333333
