	model	mAP @ IoU=.5.95
0	mask_rcnn_maize_0002.h5	0.055
1	mask_rcnn_maize_0026.h5	0.2866666666666667
2	mask_rcnn_maize_0021.h5	0.20999999999999996
3	mask_rcnn_maize_0003.h5	0.013333333333333334
4	mask_rcnn_maize_0005.h5	0.07333333333333333
5	mask_rcnn_maize_0046.h5	0.3825
