	model	mAP @ IoU=.5.95
0	mask_rcnn_maize_0004.h5	0.11583333333333333
1	mask_rcnn_maize_0001.h5	0.3187777777777779
2	mask_rcnn_maize_0007.h5	0.27666666666666667
3	mask_rcnn_maize_0030.h5	0.10833333333333334
4	mask_rcnn_maize_0005.h5	0.18833333333333335
5	mask_rcnn_maize_0049.h5	0.8166666666666667
