	model	mAP @ IoU=.5.95
0	mask_rcnn_maize_0002.h5	0.06833333333333333
1	mask_rcnn_maize_0001.h5	0.034999999999999996
2	mask_rcnn_maize_0007.h5	0.43666666666666665
3	mask_rcnn_maize_0006.h5	0.028333333333333332
4	mask_rcnn_maize_0005.h5	0.030000000000000006
