	model	mAP @ IoU=.5.95
0	mask_rcnn_maize_0002.h5	0.4975
1	mask_rcnn_maize_0001.h5	0.008333333333333333
2	mask_rcnn_maize_0238.h5	0.32333333333333336
3	mask_rcnn_maize_0049.h5	0.3516666666666667
