	model	mAP @ IoU=.5.95
0	mask_rcnn_maize_0002.h5	0.3483333333333334
1	mask_rcnn_maize_0062.h5	0.12666666666666665
2	mask_rcnn_maize_0016.h5	0.043333333333333335
3	mask_rcnn_maize_0051.h5	0.15
4	mask_rcnn_maize_0134.h5	0.1125
5	mask_rcnn_maize_0007.h5	0.042499999999999996
