	model	mAP @ IoU=.5.95
0	mask_rcnn_maize_0053.h5	0.4583333333333333
1	mask_rcnn_maize_0052.h5	0.32000000000000006
2	mask_rcnn_maize_0009.h5	0.11166666666666666
3	mask_rcnn_maize_0001.h5	0.5133333333333333
