	model	mAP @ IoU=.5.95
0	mask_rcnn_maize_0002.h5	0.14666666666666667
1	mask_rcnn_maize_0053.h5	0.26666666666666666
2	mask_rcnn_maize_0021.h5	0.6016666666666666
3	mask_rcnn_maize_0118.h5	0.38999999999999996
4	mask_rcnn_maize_0081.h5	0.33916666666666667
5	mask_rcnn_maize_0025.h5	0.53
6	mask_rcnn_maize_0001.h5	0.013333333333333334
7	mask_rcnn_maize_0013.h5	0.30666666666666664
8	mask_rcnn_maize_0181.h5	0.35694444444444445
