	model	mAP @ IoU=.5.95
0	mask_rcnn_maize_0002.h5	0.31833333333333336
1	mask_rcnn_maize_0024.h5	0.09166666666666666
2	mask_rcnn_maize_0014.h5	0.21000000000000002
3	mask_rcnn_maize_0001.h5	0.3991666666666667
4	mask_rcnn_maize_0006.h5	0.15666666666666668
5	mask_rcnn_maize_0030.h5	0.125
6	mask_rcnn_maize_0003.h5	0.011666666666666665
