	model	mAP @ IoU=.5.95
0	mask_rcnn_maize_0002.h5	0.021666666666666667
1	mask_rcnn_maize_0015.h5	0.30083333333333334
2	mask_rcnn_maize_0004.h5	0.018333333333333333
3	mask_rcnn_maize_0001.h5	0.008333333333333333
4	mask_rcnn_maize_0005.h5	0.055
