	model	mAP @ IoU=.5.95
0	mask_rcnn_maize_0008.h5	0.44333333333333336
1	mask_rcnn_maize_0001.h5	0.34500000000000003
2	mask_rcnn_maize_0181.h5	0.3775
