	model	mAP @ IoU=.5.95
0	mask_rcnn_maize_0002.h5	0.013333333333333334
1	mask_rcnn_maize_0001.h5	0.013333333333333334
2	mask_rcnn_maize_0010.h5	0.5599999999999999
3	mask_rcnn_maize_0003.h5	0.5533333333333333
4	mask_rcnn_maize_0023.h5	0.5325000000000001
