	model	mAP @ IoU=.5.95
0	mask_rcnn_maize_0002.h5	0.06833333333333333
1	mask_rcnn_maize_0061.h5	0.10166666666666666
2	mask_rcnn_maize_0011.h5	0.045000000000000005
3	mask_rcnn_maize_0014.h5	0.006666666666666667
4	mask_rcnn_maize_0004.h5	0.0016666666666666668
5	mask_rcnn_maize_0001.h5	0.35500000000000004
6	mask_rcnn_maize_0047.h5	0.18333333333333332
7	mask_rcnn_maize_0033.h5	0.11166666666666666
